what,kind,bundleId,bundleVersion,description,time
executed,command,org.eclipse.debug.ui,3.5.2.v20091028_r352,"org.eclipse.debug.ui.commands.Resume",1269419158695
executed,command,org.eclipse.debug.ui,3.5.2.v20091028_r352,"org.eclipse.debug.ui.commands.Resume",1269419160323
executed,command,org.eclipse.debug.ui,3.5.2.v20091028_r352,"org.eclipse.debug.ui.commands.Resume",1269419162398
executed,command,org.eclipse.debug.ui,3.5.2.v20091028_r352,"org.eclipse.debug.ui.commands.StepOver",1269419165232
activated,view,org.eclipse.debug.ui,3.5.2.v20091028_r352,"org.eclipse.debug.ui.ExpressionView",1269419166820
deactivated,workbench,org.eclipse.ui.workbench,3.5.2.M20100113-0800,"",1269419168326
activated,workbench,org.eclipse.ui.workbench,3.5.2.M20100113-0800,"",1269419170090
activated,editor,org.eclipse.cdt.ui,5.1.2.201002161416,"org.eclipse.cdt.ui.editor.CEditor",1269419171957
executed,command,org.eclipse.debug.ui,3.5.2.v20091028_r352,"org.eclipse.debug.ui.commands.StepOver",1269419173358
executed,command,org.eclipse.debug.ui,3.5.2.v20091028_r352,"org.eclipse.debug.ui.commands.StepOver",1269419174314
activated,view,org.eclipse.debug.ui,3.5.2.v20091028_r352,"org.eclipse.debug.ui.DebugView",1269419223393
executed,command,org.eclipse.debug.ui,3.5.2.v20091028_r352,"org.eclipse.debug.ui.commands.Terminate",1269419223394
closed,view,org.eclipse.debug.ui,3.5.2.v20091028_r352,"org.eclipse.debug.ui.MemoryView",1269419223792
closed,view,org.eclipse.debug.ui,3.5.2.v20091028_r352,"org.eclipse.debug.ui.RegisterView",1269419223802
closed,view,org.eclipse.debug.ui,3.5.2.v20091028_r352,"org.eclipse.debug.ui.ModuleView",1269419223812
deactivated,workbench,org.eclipse.ui.workbench,3.5.2.M20100113-0800,"",1269419226315
activated,perspective,org.eclipse.cdt.ui,5.1.2.201002161416,"org.eclipse.cdt.ui.CPerspective",1269419226759
activated,editor,org.eclipse.cdt.ui,5.1.2.201002161416,"org.eclipse.cdt.ui.editor.CEditor",1269419226833
executed,command,org.eclipse.ui,3.5.2.M20100120-0800,"org.eclipse.ui.window.nextPerspective",1269419226918
activated,workbench,org.eclipse.ui.workbench,3.5.2.M20100113-0800,"",1269419226989
executed,command,org.eclipse.ui.workbench.texteditor,3.5.1.r352_v20100105,"org.eclipse.ui.edit.text.goto.lineEnd",1269419256028
executed,command,org.eclipse.ui.workbench.texteditor,3.5.1.r352_v20100105,"org.eclipse.ui.edit.text.delete.line",1269419274984
executed,command,org.eclipse.ui.workbench.texteditor,3.5.1.r352_v20100105,"org.eclipse.ui.edit.text.delete.line",1269419276365
executed,command,org.eclipse.ui.workbench.texteditor,3.5.1.r352_v20100105,"org.eclipse.ui.edit.text.goto.lineEnd",1269419283706
executed,command,org.eclipse.ui.workbench.texteditor,3.5.1.r352_v20100105,"org.eclipse.ui.edit.text.hippieCompletion",1269419287994
executed,command,org.eclipse.ui.workbench.texteditor,3.5.1.r352_v20100105,"org.eclipse.ui.edit.text.hippieCompletion",1269419301637
executed,command,org.eclipse.ui.workbench.texteditor,3.5.1.r352_v20100105,"org.eclipse.ui.edit.text.hippieCompletion",1269419308588
executed,command,org.eclipse.ui.workbench.texteditor,3.5.1.r352_v20100105,"org.eclipse.ui.edit.text.hippieCompletion",1269419315575
executed,command,org.eclipse.ui.workbench.texteditor,3.5.1.r352_v20100105,"org.eclipse.ui.edit.text.goto.lineEnd",1269419316169
executed,command,org.eclipse.ui,3.5.2.M20100120-0800,"org.eclipse.ui.file.save",1269419317267
executed,command,org.eclipse.ui.ide,3.5.2.M20100113-0800,"org.eclipse.ui.project.buildAll",1269419317534
deactivated,workbench,org.eclipse.ui.workbench,3.5.2.M20100113-0800,"",1269419318409
activated,workbench,org.eclipse.ui.workbench,3.5.2.M20100113-0800,"",1269419322919
executed,command,org.eclipse.debug.ui,3.5.2.v20091028_r352,"org.eclipse.debug.ui.commands.DebugLast",1269419328189
activated,view,org.eclipse.ui.console,3.4.0.v20090513,"org.eclipse.ui.console.ConsoleView",1269419330718
activated,perspective,org.eclipse.debug.ui,3.5.2.v20091028_r352,"org.eclipse.debug.ui.DebugPerspective",1269419333079
opened,view,org.eclipse.debug.ui,3.5.2.v20091028_r352,"org.eclipse.debug.ui.MemoryView",1269419333501
opened,view,org.eclipse.debug.ui,3.5.2.v20091028_r352,"org.eclipse.debug.ui.RegisterView",1269419333559
opened,view,org.eclipse.debug.ui,3.5.2.v20091028_r352,"org.eclipse.debug.ui.ModuleView",1269419333608
executed,command,org.eclipse.debug.ui,3.5.2.v20091028_r352,"org.eclipse.debug.ui.commands.Resume",1269419335331
executed,command,org.eclipse.debug.ui,3.5.2.v20091028_r352,"org.eclipse.debug.ui.commands.Resume",1269419342811
executed,command,org.eclipse.debug.ui,3.5.2.v20091028_r352,"org.eclipse.debug.ui.commands.StepOver",1269419369195
executed,command,org.eclipse.debug.ui,3.5.2.v20091028_r352,"org.eclipse.debug.ui.commands.StepOver",1269419369882
executed,command,org.eclipse.debug.ui,3.5.2.v20091028_r352,"org.eclipse.debug.ui.commands.StepOver",1269419373439
executed,command,org.eclipse.debug.ui,3.5.2.v20091028_r352,"org.eclipse.debug.ui.commands.StepOver",1269419374167
executed,command,org.eclipse.debug.ui,3.5.2.v20091028_r352,"org.eclipse.debug.ui.commands.Resume",1269419376312
executed,command,org.eclipse.debug.ui,3.5.2.v20091028_r352,"org.eclipse.debug.ui.commands.StepOver",1269419378158
executed,command,org.eclipse.debug.ui,3.5.2.v20091028_r352,"org.eclipse.debug.ui.commands.StepOver",1269419379032
executed,command,org.eclipse.debug.ui,3.5.2.v20091028_r352,"org.eclipse.debug.ui.commands.StepOver",1269419379924
executed,command,org.eclipse.debug.ui,3.5.2.v20091028_r352,"org.eclipse.debug.ui.commands.StepOver",1269419380530
executed,command,org.eclipse.debug.ui,3.5.2.v20091028_r352,"org.eclipse.debug.ui.commands.StepOver",1269419381573
executed,command,org.eclipse.debug.ui,3.5.2.v20091028_r352,"org.eclipse.debug.ui.commands.StepOver",1269419382449
executed,command,org.eclipse.debug.ui,3.5.2.v20091028_r352,"org.eclipse.debug.ui.commands.StepOver",1269419383355
executed,command,org.eclipse.debug.ui,3.5.2.v20091028_r352,"org.eclipse.debug.ui.commands.StepOver",1269419384257
executed,command,org.eclipse.debug.ui,3.5.2.v20091028_r352,"org.eclipse.debug.ui.commands.StepOver",1269419384817
executed,command,org.eclipse.debug.ui,3.5.2.v20091028_r352,"org.eclipse.debug.ui.commands.StepOver",1269419387809
activated,editor,org.eclipse.cdt.ui,5.1.2.201002161416,"org.eclipse.cdt.ui.editor.CEditor",1269419389664
executed,command,org.eclipse.debug.ui,3.5.2.v20091028_r352,"org.eclipse.debug.ui.commands.StepOver",1269419397679
executed,command,org.eclipse.debug.ui,3.5.2.v20091028_r352,"org.eclipse.debug.ui.commands.Resume",1269419399307
executed,command,org.eclipse.debug.ui,3.5.2.v20091028_r352,"org.eclipse.debug.ui.commands.Resume",1269419401708
executed,command,org.eclipse.debug.ui,3.5.2.v20091028_r352,"org.eclipse.debug.ui.commands.Resume",1269419403438
executed,command,,,"AUTOGEN:::org.eclipse.cdt.debug.ui.CEditor.BreakpointRulerActions/org.eclipse.cdt.debug.ui.CEditor.RulerTobbleBreakpointAction",1269419407682
executed,command,org.eclipse.debug.ui,3.5.2.v20091028_r352,"org.eclipse.debug.ui.commands.Resume",1269419408127
executed,command,org.eclipse.debug.ui,3.5.2.v20091028_r352,"org.eclipse.debug.ui.commands.StepOver",1269419411782
executed,command,org.eclipse.debug.ui,3.5.2.v20091028_r352,"org.eclipse.debug.ui.commands.Resume",1269419414605
executed,command,,,"AUTOGEN:::org.eclipse.cdt.debug.ui.CEditor.BreakpointRulerActions/org.eclipse.cdt.debug.ui.CEditor.RulerTobbleBreakpointAction",1269419417546
executed,command,org.eclipse.debug.ui,3.5.2.v20091028_r352,"org.eclipse.debug.ui.commands.Resume",1269419418119
executed,command,org.eclipse.debug.ui,3.5.2.v20091028_r352,"org.eclipse.debug.ui.commands.Resume",1269419420310
executed,command,org.eclipse.debug.ui,3.5.2.v20091028_r352,"org.eclipse.debug.ui.commands.Resume",1269419423575
executed,command,org.eclipse.debug.ui,3.5.2.v20091028_r352,"org.eclipse.debug.ui.commands.Resume",1269419431321
executed,command,org.eclipse.debug.ui,3.5.2.v20091028_r352,"org.eclipse.debug.ui.commands.StepOver",1269419437462
executed,command,org.eclipse.debug.ui,3.5.2.v20091028_r352,"org.eclipse.debug.ui.commands.StepOver",1269419438324
executed,command,org.eclipse.debug.ui,3.5.2.v20091028_r352,"org.eclipse.debug.ui.commands.StepOver",1269419439275
executed,command,org.eclipse.debug.ui,3.5.2.v20091028_r352,"org.eclipse.debug.ui.commands.StepOver",1269419439946
executed,command,org.eclipse.debug.ui,3.5.2.v20091028_r352,"org.eclipse.debug.ui.commands.Resume",1269419442703
executed,command,org.eclipse.debug.ui,3.5.2.v20091028_r352,"org.eclipse.debug.ui.commands.StepOver",1269419446097
executed,command,org.eclipse.debug.ui,3.5.2.v20091028_r352,"org.eclipse.debug.ui.commands.StepOver",1269419447261
executed,command,org.eclipse.debug.ui,3.5.2.v20091028_r352,"org.eclipse.debug.ui.commands.StepOver",1269419448763
executed,command,org.eclipse.debug.ui,3.5.2.v20091028_r352,"org.eclipse.debug.ui.commands.StepOver",1269419449447
executed,command,org.eclipse.debug.ui,3.5.2.v20091028_r352,"org.eclipse.debug.ui.commands.StepOver",1269419450296
executed,command,org.eclipse.debug.ui,3.5.2.v20091028_r352,"org.eclipse.debug.ui.commands.StepOver",1269419451450
executed,command,org.eclipse.debug.ui,3.5.2.v20091028_r352,"org.eclipse.debug.ui.commands.StepOver",1269419452459
executed,command,org.eclipse.debug.ui,3.5.2.v20091028_r352,"org.eclipse.debug.ui.commands.StepOver",1269419453399
executed,command,org.eclipse.debug.ui,3.5.2.v20091028_r352,"org.eclipse.debug.ui.commands.StepOver",1269419454006
executed,command,org.eclipse.debug.ui,3.5.2.v20091028_r352,"org.eclipse.debug.ui.commands.StepOver",1269419458036
executed,command,org.eclipse.debug.ui,3.5.2.v20091028_r352,"org.eclipse.debug.ui.commands.StepOver",1269419459213
executed,command,org.eclipse.debug.ui,3.5.2.v20091028_r352,"org.eclipse.debug.ui.commands.StepOver",1269419460303
executed,command,org.eclipse.debug.ui,3.5.2.v20091028_r352,"org.eclipse.debug.ui.commands.StepOver",1269419461321
executed,command,org.eclipse.debug.ui,3.5.2.v20091028_r352,"org.eclipse.debug.ui.commands.StepOver",1269419462759
executed,command,org.eclipse.debug.ui,3.5.2.v20091028_r352,"org.eclipse.debug.ui.commands.StepOver",1269419464952
executed,command,org.eclipse.debug.ui,3.5.2.v20091028_r352,"org.eclipse.debug.ui.commands.StepOver",1269419465661
executed,command,org.eclipse.debug.ui,3.5.2.v20091028_r352,"org.eclipse.debug.ui.commands.StepOver",1269419470456
executed,command,org.eclipse.debug.ui,3.5.2.v20091028_r352,"org.eclipse.debug.ui.commands.StepOver",1269419471092
executed,command,org.eclipse.debug.ui,3.5.2.v20091028_r352,"org.eclipse.debug.ui.commands.StepOver",1269419471745
executed,command,org.eclipse.debug.ui,3.5.2.v20091028_r352,"org.eclipse.debug.ui.commands.StepOver",1269419472496
executed,command,org.eclipse.debug.ui,3.5.2.v20091028_r352,"org.eclipse.debug.ui.commands.StepOver",1269419473336
executed,command,org.eclipse.debug.ui,3.5.2.v20091028_r352,"org.eclipse.debug.ui.commands.StepOver",1269419474105
executed,command,org.eclipse.debug.ui,3.5.2.v20091028_r352,"org.eclipse.debug.ui.commands.StepOver",1269419474708
executed,command,org.eclipse.debug.ui,3.5.2.v20091028_r352,"org.eclipse.debug.ui.commands.StepOver",1269419476263
executed,command,org.eclipse.debug.ui,3.5.2.v20091028_r352,"org.eclipse.debug.ui.commands.StepOver",1269419486297
executed,command,org.eclipse.debug.ui,3.5.2.v20091028_r352,"org.eclipse.debug.ui.commands.StepOver",1269419487324
executed,command,org.eclipse.debug.ui,3.5.2.v20091028_r352,"org.eclipse.debug.ui.commands.StepOver",1269419489835
deactivated,workbench,org.eclipse.ui.workbench,3.5.2.M20100113-0800,"",1269419497156
activated,view,org.eclipse.debug.ui,3.5.2.v20091028_r352,"org.eclipse.debug.ui.ExpressionView",1269419502853
activated,workbench,org.eclipse.ui.workbench,3.5.2.M20100113-0800,"",1269419502945
activated,editor,org.eclipse.cdt.ui,5.1.2.201002161416,"org.eclipse.cdt.ui.editor.CEditor",1269419507925
executed,command,org.eclipse.debug.ui,3.5.2.v20091028_r352,"org.eclipse.debug.ui.commands.StepOver",1269419511471
executed,command,org.eclipse.debug.ui,3.5.2.v20091028_r352,"org.eclipse.debug.ui.commands.StepOver",1269419512469
executed,command,org.eclipse.debug.ui,3.5.2.v20091028_r352,"org.eclipse.debug.ui.commands.StepOver",1269419513172
executed,command,org.eclipse.debug.ui,3.5.2.v20091028_r352,"org.eclipse.debug.ui.commands.StepOver",1269419514441
executed,command,org.eclipse.debug.ui,3.5.2.v20091028_r352,"org.eclipse.debug.ui.commands.StepOver",1269419515376
executed,command,org.eclipse.debug.ui,3.5.2.v20091028_r352,"org.eclipse.debug.ui.commands.StepOver",1269419516628
executed,command,org.eclipse.debug.ui,3.5.2.v20091028_r352,"org.eclipse.debug.ui.commands.StepOver",1269419517192
executed,command,org.eclipse.debug.ui,3.5.2.v20091028_r352,"org.eclipse.debug.ui.commands.StepOver",1269419517737
executed,command,org.eclipse.debug.ui,3.5.2.v20091028_r352,"org.eclipse.debug.ui.commands.StepOver",1269419520182
executed,command,org.eclipse.debug.ui,3.5.2.v20091028_r352,"org.eclipse.debug.ui.commands.StepOver",1269419521144
deactivated,workbench,org.eclipse.ui.workbench,3.5.2.M20100113-0800,"",1269419525528
activated,view,org.eclipse.debug.ui,3.5.2.v20091028_r352,"org.eclipse.debug.ui.ExpressionView",1269419526317
activated,workbench,org.eclipse.ui.workbench,3.5.2.M20100113-0800,"",1269419526381
activated,editor,org.eclipse.cdt.ui,5.1.2.201002161416,"org.eclipse.cdt.ui.editor.CEditor",1269419528474
executed,command,org.eclipse.debug.ui,3.5.2.v20091028_r352,"org.eclipse.debug.ui.commands.StepOver",1269419529373
executed,command,org.eclipse.debug.ui,3.5.2.v20091028_r352,"org.eclipse.debug.ui.commands.StepOver",1269419532331
executed,command,org.eclipse.debug.ui,3.5.2.v20091028_r352,"org.eclipse.debug.ui.commands.StepOver",1269419533560
executed,command,org.eclipse.debug.ui,3.5.2.v20091028_r352,"org.eclipse.debug.ui.commands.StepOver",1269419538987
executed,command,org.eclipse.debug.ui,3.5.2.v20091028_r352,"org.eclipse.debug.ui.commands.StepOver",1269419540046
executed,command,org.eclipse.debug.ui,3.5.2.v20091028_r352,"org.eclipse.debug.ui.commands.Resume",1269419547584
activated,view,org.eclipse.ui.ide,3.5.2.M20100113-0800,"org.eclipse.ui.views.TaskList",1269419554741
activated,view,org.eclipse.ui.ide,3.5.2.M20100113-0800,"org.eclipse.ui.views.ProblemView",1269419556600
executed,command,org.eclipse.debug.ui,3.5.2.v20091028_r352,"org.eclipse.debug.ui.commands.Terminate",1269419559298
activated,view,org.eclipse.ui.console,3.4.0.v20090513,"org.eclipse.ui.console.ConsoleView",1269419559475
closed,view,org.eclipse.debug.ui,3.5.2.v20091028_r352,"org.eclipse.debug.ui.MemoryView",1269419559711
closed,view,org.eclipse.debug.ui,3.5.2.v20091028_r352,"org.eclipse.debug.ui.RegisterView",1269419559726
closed,view,org.eclipse.debug.ui,3.5.2.v20091028_r352,"org.eclipse.debug.ui.ModuleView",1269419559736
executed,command,org.eclipse.debug.ui,3.5.2.v20091028_r352,"org.eclipse.debug.ui.commands.RunLast",1269419561181
error,log,,,"Error logged from Debug Core: ",1269419562832
activated,editor,org.eclipse.cdt.ui,5.1.2.201002161416,"org.eclipse.cdt.ui.editor.CEditor",1269419753355
deactivated,workbench,org.eclipse.ui.workbench,3.5.2.M20100113-0800,"",1269419756940
activated,perspective,org.eclipse.cdt.ui,5.1.2.201002161416,"org.eclipse.cdt.ui.CPerspective",1269419757373
executed,command,org.eclipse.ui,3.5.2.M20100120-0800,"org.eclipse.ui.window.nextPerspective",1269419757437
activated,workbench,org.eclipse.ui.workbench,3.5.2.M20100113-0800,"",1269419757515
executed,command,org.eclipse.ui.workbench.texteditor,3.5.1.r352_v20100105,"org.eclipse.ui.edit.text.delete.line",1269419768492
executed,command,,,"AUTOGEN:::org.eclipse.cdt.debug.ui.CEditor.BreakpointRulerActions/org.eclipse.cdt.debug.ui.CEditor.RulerTobbleBreakpointAction",1269419772070
executed,command,,,"AUTOGEN:::org.eclipse.cdt.debug.ui.CEditor.BreakpointRulerActions/org.eclipse.cdt.debug.ui.CEditor.RulerTobbleBreakpointAction",1269419819992
executed,command,org.eclipse.debug.ui,3.5.2.v20091028_r352,"org.eclipse.debug.ui.commands.DebugLast",1269419821366
deactivated,workbench,org.eclipse.ui.workbench,3.5.2.M20100113-0800,"",1269419821568
activated,workbench,org.eclipse.ui.workbench,3.5.2.M20100113-0800,"",1269419825492
activated,view,org.eclipse.ui.console,3.4.0.v20090513,"org.eclipse.ui.console.ConsoleView",1269419831046
activated,perspective,org.eclipse.debug.ui,3.5.2.v20091028_r352,"org.eclipse.debug.ui.DebugPerspective",1269419832924
opened,view,org.eclipse.debug.ui,3.5.2.v20091028_r352,"org.eclipse.debug.ui.MemoryView",1269419833278
opened,view,org.eclipse.debug.ui,3.5.2.v20091028_r352,"org.eclipse.debug.ui.RegisterView",1269419833346
opened,view,org.eclipse.debug.ui,3.5.2.v20091028_r352,"org.eclipse.debug.ui.ModuleView",1269419833460
executed,command,org.eclipse.debug.ui,3.5.2.v20091028_r352,"org.eclipse.debug.ui.commands.Resume",1269419835129
executed,command,org.eclipse.debug.ui,3.5.2.v20091028_r352,"org.eclipse.debug.ui.commands.Resume",1269419837318
executed,command,org.eclipse.debug.ui,3.5.2.v20091028_r352,"org.eclipse.debug.ui.commands.Resume",1269419840974
executed,command,org.eclipse.debug.ui,3.5.2.v20091028_r352,"org.eclipse.debug.ui.commands.Resume",1269419843440
executed,command,org.eclipse.debug.ui,3.5.2.v20091028_r352,"org.eclipse.debug.ui.commands.Resume",1269419847262
activated,editor,org.eclipse.cdt.ui,5.1.2.201002161416,"org.eclipse.cdt.ui.editor.CEditor",1269419854239
executed,command,,,"AUTOGEN:::org.eclipse.cdt.debug.ui.CEditor.BreakpointRulerActions/org.eclipse.cdt.debug.ui.CEditor.RulerTobbleBreakpointAction",1269419854331
executed,command,org.eclipse.debug.ui,3.5.2.v20091028_r352,"org.eclipse.debug.ui.commands.Resume",1269419855349
executed,command,org.eclipse.debug.ui,3.5.2.v20091028_r352,"org.eclipse.debug.ui.commands.Resume",1269419858482
executed,command,org.eclipse.debug.ui,3.5.2.v20091028_r352,"org.eclipse.debug.ui.commands.StepInto",1269419861398
executed,command,org.eclipse.debug.ui,3.5.2.v20091028_r352,"org.eclipse.debug.ui.commands.StepOver",1269419863645
executed,command,org.eclipse.debug.ui,3.5.2.v20091028_r352,"org.eclipse.debug.ui.commands.StepOver",1269419864267
executed,command,org.eclipse.debug.ui,3.5.2.v20091028_r352,"org.eclipse.debug.ui.commands.StepOver",1269419864892
executed,command,org.eclipse.debug.ui,3.5.2.v20091028_r352,"org.eclipse.debug.ui.commands.StepOver",1269419867041
executed,command,org.eclipse.debug.ui,3.5.2.v20091028_r352,"org.eclipse.debug.ui.commands.StepOver",1269419867557
executed,command,org.eclipse.debug.ui,3.5.2.v20091028_r352,"org.eclipse.debug.ui.commands.StepOver",1269419867816
executed,command,org.eclipse.debug.ui,3.5.2.v20091028_r352,"org.eclipse.debug.ui.commands.StepOver",1269419868556
executed,command,org.eclipse.debug.ui,3.5.2.v20091028_r352,"org.eclipse.debug.ui.commands.StepOver",1269419869085
executed,command,org.eclipse.debug.ui,3.5.2.v20091028_r352,"org.eclipse.debug.ui.commands.StepOver",1269419871608
executed,command,org.eclipse.debug.ui,3.5.2.v20091028_r352,"org.eclipse.debug.ui.commands.StepOver",1269419872286
executed,command,org.eclipse.debug.ui,3.5.2.v20091028_r352,"org.eclipse.debug.ui.commands.StepOver",1269419872853
executed,command,org.eclipse.debug.ui,3.5.2.v20091028_r352,"org.eclipse.debug.ui.commands.StepOver",1269419875167
executed,command,org.eclipse.debug.ui,3.5.2.v20091028_r352,"org.eclipse.debug.ui.commands.StepOver",1269419876041
executed,command,org.eclipse.debug.ui,3.5.2.v20091028_r352,"org.eclipse.debug.ui.commands.StepOver",1269419877390
executed,command,org.eclipse.debug.ui,3.5.2.v20091028_r352,"org.eclipse.debug.ui.commands.StepOver",1269419877998
executed,command,org.eclipse.debug.ui,3.5.2.v20091028_r352,"org.eclipse.debug.ui.commands.StepInto",1269419882137
executed,command,org.eclipse.debug.ui,3.5.2.v20091028_r352,"org.eclipse.debug.ui.commands.StepOver",1269419884382
executed,command,org.eclipse.debug.ui,3.5.2.v20091028_r352,"org.eclipse.debug.ui.commands.StepOver",1269419885354
executed,command,org.eclipse.debug.ui,3.5.2.v20091028_r352,"org.eclipse.debug.ui.commands.StepOver",1269419886482
executed,command,org.eclipse.debug.ui,3.5.2.v20091028_r352,"org.eclipse.debug.ui.commands.StepOver",1269419887508
executed,command,org.eclipse.debug.ui,3.5.2.v20091028_r352,"org.eclipse.debug.ui.commands.StepOver",1269419889517
executed,command,org.eclipse.debug.ui,3.5.2.v20091028_r352,"org.eclipse.debug.ui.commands.StepOver",1269419890684
executed,command,org.eclipse.debug.ui,3.5.2.v20091028_r352,"org.eclipse.debug.ui.commands.StepOver",1269419895610
deactivated,workbench,org.eclipse.ui.workbench,3.5.2.M20100113-0800,"",1269419907883
activated,view,org.eclipse.debug.ui,3.5.2.v20091028_r352,"org.eclipse.debug.ui.ExpressionView",1269419915879
activated,workbench,org.eclipse.ui.workbench,3.5.2.M20100113-0800,"",1269419916040
activated,editor,org.eclipse.cdt.ui,5.1.2.201002161416,"org.eclipse.cdt.ui.editor.CEditor",1269419925455
executed,command,org.eclipse.debug.ui,3.5.2.v20091028_r352,"org.eclipse.debug.ui.commands.StepOver",1269419927635
executed,command,org.eclipse.debug.ui,3.5.2.v20091028_r352,"org.eclipse.debug.ui.commands.StepOver",1269419928916
executed,command,org.eclipse.debug.ui,3.5.2.v20091028_r352,"org.eclipse.debug.ui.commands.StepOver",1269419929601
executed,command,org.eclipse.debug.ui,3.5.2.v20091028_r352,"org.eclipse.debug.ui.commands.StepOver",1269419932256
executed,command,org.eclipse.debug.ui,3.5.2.v20091028_r352,"org.eclipse.debug.ui.commands.StepOver",1269419933277
executed,command,org.eclipse.debug.ui,3.5.2.v20091028_r352,"org.eclipse.debug.ui.commands.StepOver",1269419934542
executed,command,org.eclipse.debug.ui,3.5.2.v20091028_r352,"org.eclipse.debug.ui.commands.StepOver",1269419935471
executed,command,org.eclipse.debug.ui,3.5.2.v20091028_r352,"org.eclipse.debug.ui.commands.StepOver",1269419936534
executed,command,org.eclipse.debug.ui,3.5.2.v20091028_r352,"org.eclipse.debug.ui.commands.StepOver",1269419937201
executed,command,org.eclipse.debug.ui,3.5.2.v20091028_r352,"org.eclipse.debug.ui.commands.StepOver",1269419939663
executed,command,org.eclipse.debug.ui,3.5.2.v20091028_r352,"org.eclipse.debug.ui.commands.StepOver",1269419940440
executed,command,org.eclipse.debug.ui,3.5.2.v20091028_r352,"org.eclipse.debug.ui.commands.StepOver",1269419941217
executed,command,org.eclipse.debug.ui,3.5.2.v20091028_r352,"org.eclipse.debug.ui.commands.StepOver",1269419941856
executed,command,org.eclipse.debug.ui,3.5.2.v20091028_r352,"org.eclipse.debug.ui.commands.StepOver",1269419943557
executed,command,org.eclipse.debug.ui,3.5.2.v20091028_r352,"org.eclipse.debug.ui.commands.StepOver",1269419944416
executed,command,org.eclipse.debug.ui,3.5.2.v20091028_r352,"org.eclipse.debug.ui.commands.StepOver",1269419945857
executed,command,org.eclipse.debug.ui,3.5.2.v20091028_r352,"org.eclipse.debug.ui.commands.StepOver",1269419946722
executed,command,org.eclipse.debug.ui,3.5.2.v20091028_r352,"org.eclipse.debug.ui.commands.StepOver",1269419948473
activated,view,org.eclipse.debug.ui,3.5.2.v20091028_r352,"org.eclipse.debug.ui.ExpressionView",1269419952254
activated,editor,org.eclipse.cdt.ui,5.1.2.201002161416,"org.eclipse.cdt.ui.editor.CEditor",1269419966281
deactivated,workbench,org.eclipse.ui.workbench,3.5.2.M20100113-0800,"",1269419970835
activated,view,org.eclipse.debug.ui,3.5.2.v20091028_r352,"org.eclipse.debug.ui.ExpressionView",1269419985344
activated,workbench,org.eclipse.ui.workbench,3.5.2.M20100113-0800,"",1269419985445
activated,editor,org.eclipse.cdt.ui,5.1.2.201002161416,"org.eclipse.cdt.ui.editor.CEditor",1269419998498
deactivated,workbench,org.eclipse.ui.workbench,3.5.2.M20100113-0800,"",1269420002978
closed,view,org.eclipse.debug.ui,3.5.2.v20091028_r352,"org.eclipse.debug.ui.MemoryView",1269420003106
closed,view,org.eclipse.debug.ui,3.5.2.v20091028_r352,"org.eclipse.debug.ui.RegisterView",1269420003142
closed,view,org.eclipse.debug.ui,3.5.2.v20091028_r352,"org.eclipse.debug.ui.ModuleView",1269420003165
activated,perspective,org.eclipse.cdt.ui,5.1.2.201002161416,"org.eclipse.cdt.ui.CPerspective",1269420003321
executed,command,org.eclipse.ui,3.5.2.M20100120-0800,"org.eclipse.ui.window.nextPerspective",1269420003407
activated,workbench,org.eclipse.ui.workbench,3.5.2.M20100113-0800,"",1269420003503
activated,view,org.eclipse.ui.console,3.4.0.v20090513,"org.eclipse.ui.console.ConsoleView",1269420044579
activated,editor,org.eclipse.cdt.ui,5.1.2.201002161416,"org.eclipse.cdt.ui.editor.CEditor",1269420056214
activated,view,org.eclipse.ui.console,3.4.0.v20090513,"org.eclipse.ui.console.ConsoleView",1269420057020
activated,editor,org.eclipse.cdt.ui,5.1.2.201002161416,"org.eclipse.cdt.ui.editor.CEditor",1269420059967
executed,command,org.eclipse.ui.workbench.texteditor,3.5.1.r352_v20100105,"org.eclipse.ui.edit.text.goto.wordNext",1269420063352
executed,command,org.eclipse.ui.workbench.texteditor,3.5.1.r352_v20100105,"org.eclipse.ui.edit.text.goto.wordNext",1269420063861
executed,command,org.eclipse.ui,3.5.2.M20100120-0800,"org.eclipse.ui.edit.delete",1269420064362
executed,command,org.eclipse.ui.workbench.texteditor,3.5.1.r352_v20100105,"org.eclipse.ui.edit.text.goto.lineStart",1269420067657
executed,command,org.eclipse.ui.workbench.texteditor,3.5.1.r352_v20100105,"org.eclipse.ui.edit.text.select.lineEnd",1269420068907
executed,command,org.eclipse.ui,3.5.2.M20100120-0800,"org.eclipse.ui.edit.delete",1269420073262
executed,command,org.eclipse.ui,3.5.2.M20100120-0800,"org.eclipse.ui.edit.delete",1269420078117
executed,command,org.eclipse.ui.workbench.texteditor,3.5.1.r352_v20100105,"org.eclipse.ui.edit.text.select.lineEnd",1269420080811
executed,command,org.eclipse.ui,3.5.2.M20100120-0800,"org.eclipse.ui.edit.delete",1269420081599
executed,command,org.eclipse.ui.workbench.texteditor,3.5.1.r352_v20100105,"org.eclipse.ui.edit.text.goto.lineStart",1269420089367
executed,command,org.eclipse.ui.workbench.texteditor,3.5.1.r352_v20100105,"org.eclipse.ui.edit.text.delete.line",1269420127737
executed,command,org.eclipse.ui.workbench.texteditor,3.5.1.r352_v20100105,"org.eclipse.ui.edit.text.delete.line",1269420132645
activated,view,org.eclipse.ui.console,3.4.0.v20090513,"org.eclipse.ui.console.ConsoleView",1269420136279
activated,editor,org.eclipse.cdt.ui,5.1.2.201002161416,"org.eclipse.cdt.ui.editor.CEditor",1269420138995
executed,command,org.eclipse.ui.workbench.texteditor,3.5.1.r352_v20100105,"org.eclipse.ui.edit.text.select.wordPrevious",1269420154665
executed,command,org.eclipse.ui.workbench.texteditor,3.5.1.r352_v20100105,"org.eclipse.ui.edit.text.select.wordPrevious",1269420155171
executed,command,org.eclipse.ui.workbench.texteditor,3.5.1.r352_v20100105,"org.eclipse.ui.edit.text.select.wordPrevious",1269420155569
executed,command,org.eclipse.ui,3.5.2.M20100120-0800,"org.eclipse.ui.edit.copy",1269420157270
executed,command,org.eclipse.ui.workbench.texteditor,3.5.1.r352_v20100105,"org.eclipse.ui.edit.text.goto.lineEnd",1269420160086
executed,command,org.eclipse.ui,3.5.2.M20100120-0800,"org.eclipse.ui.edit.paste",1269420161940
executed,command,org.eclipse.ui.workbench.texteditor,3.5.1.r352_v20100105,"org.eclipse.ui.edit.text.goto.wordPrevious",1269420168857
executed,command,org.eclipse.ui.workbench.texteditor,3.5.1.r352_v20100105,"org.eclipse.ui.edit.text.goto.wordPrevious",1269420169340
executed,command,org.eclipse.ui.workbench.texteditor,3.5.1.r352_v20100105,"org.eclipse.ui.edit.text.select.wordPrevious",1269420170087
executed,command,org.eclipse.ui,3.5.2.M20100120-0800,"org.eclipse.ui.edit.delete",1269420170814
executed,command,org.eclipse.ui,3.5.2.M20100120-0800,"org.eclipse.ui.file.save",1269420171238
executed,command,org.eclipse.ui.ide,3.5.2.M20100113-0800,"org.eclipse.ui.project.buildAll",1269420172753
deactivated,workbench,org.eclipse.ui.workbench,3.5.2.M20100113-0800,"",1269420174303
